{"n_runs": 10, "model_class": "HierarchyESNCudaVariableReadout", "modelType": "hierarchyESN", "dataset": "har70plus", "variant": "Variable Readout Linear-Activation-Softmax", "memory_cpu": {"average": 14128.3, "std": 373.0305751543699, "results": [13894, 13662, 13606, 14606, 13724, 14309, 14311, 14252, 14737, 14182]}, "memory_gpu": {"average": 1168039936.0, "std": 0.0, "results": [1168039936, 1168039936, 1168039936, 1168039936, 1168039936, 1168039936, 1168039936, 1168039936, 1168039936, 1168039936]}, "time": {"average": 350.16986187000003, "std": 1.8339967091864922, "results": [350.4525160000194, 351.11081240000203, 351.17697410000255, 350.1292354000034, 350.8400669999828, 349.1441060999932, 346.87850660001277, 347.1338498000114, 352.34647549997317, 352.4860757999995]}}