{"n_runs": 10, "model_class": "ThreeHierarchyESNCuda", "modelType": "threeHierarchyESN", "dataset": "har70plus", "variant": "Optimised Hyperparameters", "memory_cpu": {"average": 1156632712.5, "std": 799.3199922434068, "results": [1156632734, 1156632244, 1156632463, 1156632190, 1156632300, 1156632300, 1156633662, 1156634748, 1156632297, 1156632187]}, "memory_gpu": {"average": 2299849216.0, "std": 0.0, "results": [2299849216, 2299849216, 2299849216, 2299849216, 2299849216, 2299849216, 2299849216, 2299849216, 2299849216, 2299849216]}, "time": {"average": 268.3138352400012, "std": 4.9796358835972265, "results": [267.22659240002395, 278.5706353999849, 265.26063840001007, 265.8142939999816, 264.21748829999706, 264.6699777000176, 264.80288460000884, 264.3344934999768, 273.69905429999926, 274.542293800012]}}