{"n_runs": 10, "model_class": "ThreeHierarchyESNCuda", "modelType": "threeHierarchyESN", "dataset": "har70plus", "variant": "Baseline", "memory_cpu": {"average": 1156632957.0, "std": 676.9601169936084, "results": [1156632572, 1156632244, 1156632299, 1156632300, 1156633334, 1156634041, 1156633551, 1156632236, 1156633116, 1156633877]}, "memory_gpu": {"average": 2300064768.0, "std": 0.0, "results": [2300064768, 2300064768, 2300064768, 2300064768, 2300064768, 2300064768, 2300064768, 2300064768, 2300064768, 2300064768]}, "time": {"average": 309.5285435899947, "std": 140.2652085706474, "results": [730.3035736999882, 264.3031086999981, 261.0920545000117, 266.10839949999354, 263.14749299999676, 262.32405949998065, 262.33279129999573, 262.06583149998914, 261.640464600001, 261.96765959999175]}}