{"n_runs": 10, "model_class": "ThreeHierarchyESNCuda", "modelType": "threeHierarchyESN", "dataset": "har70plus", "variant": "Fourier Smoothing", "memory_cpu": {"average": 1156632477.9, "std": 282.8711544148678, "results": [1156632572, 1156632244, 1156632188, 1156632244, 1156632246, 1156633165, 1156632680, 1156632624, 1156632408, 1156632408]}, "memory_gpu": {"average": 2299849216.0, "std": 0.0, "results": [2299849216, 2299849216, 2299849216, 2299849216, 2299849216, 2299849216, 2299849216, 2299849216, 2299849216, 2299849216]}, "time": {"average": 265.9295875300042, "std": 0.742748172998083, "results": [266.172416299989, 266.1763822000066, 265.02247210001224, 266.87644640001236, 265.5329655999958, 265.3092118999921, 265.1153071000008, 265.6820909999951, 265.9262615000189, 267.4823212000192]}}