{"n_runs": 10, "model_class": "ThreeHierarchyESNCuda", "modelType": "threeHierarchyESN", "dataset": "har70plus", "variant": "Spectrogram", "memory_cpu": {"average": 36180084.6, "std": 112.1268924032054, "results": [36180291, 36180092, 36180074, 36179852, 36180148, 36180094, 36180147, 36179963, 36180038, 36180147]}, "memory_gpu": {"average": 87686656.0, "std": 0.0, "results": [87686656, 87686656, 87686656, 87686656, 87686656, 87686656, 87686656, 87686656, 87686656, 87686656]}, "time": {"average": 6.877947249999852, "std": 0.11066274273848124, "results": [6.956813999975566, 6.889613200008171, 6.8998768000165, 6.856294199998956, 6.790091600007145, 7.147546799998963, 6.78919829998631, 6.774688100005733, 6.918208899995079, 6.757140600006096]}}