{"n_runs": 10, "model_class": "BasicESNCudaVariableReadout", "modelType": "basicESN", "dataset": "har70plus", "variant": "Variable Readout Linear-Activation-Softmax", "memory_cpu": {"average": 21807.1, "std": 26273.68029207176, "results": [100628, 13155, 13083, 13067, 13043, 13019, 13059, 13043, 13027, 12947]}, "memory_gpu": {"average": 2286743040.0, "std": 0.0, "results": [2286743040, 2286743040, 2286743040, 2286743040, 2286743040, 2286743040, 2286743040, 2286743040, 2286743040, 2286743040]}, "time": {"average": 163.28404478999946, "std": 1.384027208774048, "results": [163.87643879999814, 162.5053317999991, 162.63538939999853, 162.79021790000115, 161.9074630000032, 162.32614599999943, 162.28902599999856, 162.78673300000082, 166.17271359999722, 165.55098839999846]}}