{"n_runs": 10, "model_class": "BasicESNCuda", "modelType": "basicESN", "dataset": "har70plus", "variant": "Exponential Moving Average optimal", "memory_cpu": {"average": 2250209515.0, "std": 24507.691527355244, "results": [2250283035, 2250201291, 2250201275, 2250201835, 2250201243, 2250201211, 2250201195, 2250201179, 2250201163, 2250201723]}, "memory_gpu": {"average": 1148140544.0, "std": 0.0, "results": [1148140544, 1148140544, 1148140544, 1148140544, 1148140544, 1148140544, 1148140544, 1148140544, 1148140544, 1148140544]}, "time": {"average": 152.43304845000384, "std": 2.489752848913991, "results": [153.46479550004005, 153.8048574999557, 156.8557790000341, 150.3720663000131, 153.06135550001636, 149.2074412999791, 151.20026980002876, 149.27137810003478, 151.2614954999881, 155.8310459999484]}}