{"n_runs": 10, "model_class": "ThreeHierarchyESNCuda", "modelType": "threeHierarchyESN", "dataset": "har70plus", "variant": "Buffered", "memory_cpu": {"average": 144048661.4, "std": 192.51036335740474, "results": [144049012, 144048737, 144048631, 144048573, 144048519, 144048903, 144048467, 144048794, 144048630, 144048348]}, "memory_gpu": {"average": 250487296.0, "std": 0.0, "results": [250487296, 250487296, 250487296, 250487296, 250487296, 250487296, 250487296, 250487296, 250487296, 250487296]}, "time": {"average": 22.89889707999537, "std": 0.9404173336964068, "results": [22.442980899999384, 21.992416399996728, 22.264811300003203, 22.363629400002537, 22.297552600008203, 23.49583810000331, 22.1536780000024, 23.417202799988445, 23.340619899972808, 25.220241399976658]}}