{"n_runs": 10, "model_class": "HierarchyESNCuda", "modelType": "hierarchyESN", "dataset": "har70plus", "variant": "Spectrogram", "memory_cpu": {"average": 70342308.9, "std": 24523.943049395624, "results": [70415865, 70333947, 70334049, 70333796, 70333662, 70335224, 70333969, 70334897, 70334173, 70333507]}, "memory_gpu": {"average": 52411904.0, "std": 0.0, "results": [52411904, 52411904, 52411904, 52411904, 52411904, 52411904, 52411904, 52411904, 52411904, 52411904]}, "time": {"average": 10.50914863999933, "std": 0.13646979654541805, "results": [10.835404800003744, 10.405176400003256, 10.558436899998924, 10.4455178000062, 10.462151399988215, 10.41466959999525, 10.324892699994962, 10.554640400005155, 10.625111000001198, 10.465485399996396]}}