{"n_runs": 10, "model_class": "BasicESNCudaVariableReadout", "modelType": "basicESN", "dataset": "har70plus", "variant": "Variable Readout Linear-Activation-Linear-Softmax", "memory_cpu": {"average": 13090.1, "std": 345.8683130904015, "results": [13243, 12955, 12955, 12955, 12955, 12955, 12955, 12882, 12955, 14091]}, "memory_gpu": {"average": 2287243264.0, "std": 0.0, "results": [2287243264, 2287243264, 2287243264, 2287243264, 2287243264, 2287243264, 2287243264, 2287243264, 2287243264, 2287243264]}, "time": {"average": 164.53175508000058, "std": 3.4553437144208434, "results": [162.74428750000152, 161.85556250000081, 161.23424810000142, 161.339073799998, 161.61275169999863, 162.54487200000221, 171.19146850000106, 166.31803850000142, 168.7272735000006, 167.74997470000017]}}