{"n_runs": 10, "model_class": "BasicESNCudaVariableReadout", "modelType": "basicESN", "dataset": "har70plus", "variant": "Variable Readout Linear-Activation-Dropout-Linear-Softmax", "memory_cpu": {"average": 12918.2, "std": 95.94665184361568, "results": [13195, 12907, 12843, 12851, 12907, 12907, 12851, 12907, 12907, 12907]}, "memory_gpu": {"average": 2447567872.0, "std": 0.0, "results": [2447567872, 2447567872, 2447567872, 2447567872, 2447567872, 2447567872, 2447567872, 2447567872, 2447567872, 2447567872]}, "time": {"average": 167.2543714200001, "std": 2.2689021044143134, "results": [167.80416849999892, 167.71084680000058, 172.5274031000008, 165.50189089999913, 165.68044920000102, 163.42640430000029, 168.66151929999978, 166.69445489999998, 166.69038400000136, 167.8461931999991]}}