{"n_runs": 10, "model_class": "HierarchyESNCuda", "modelType": "hierarchyESN", "dataset": "har70plus", "variant": "Fourier Smoothing Buffered", "memory_cpu": {"average": 225042885.5, "std": 24411.638676049588, "results": [225116028, 225034287, 225038283, 225034432, 225034360, 225034030, 225034014, 225035178, 225034277, 225033966]}, "memory_gpu": {"average": 136250880.0, "std": 0.0, "results": [136250880, 136250880, 136250880, 136250880, 136250880, 136250880, 136250880, 136250880, 136250880, 136250880]}, "time": {"average": 33.50055976000294, "std": 0.6360542049801755, "results": [34.67743440000049, 33.13608229999954, 33.10615019999386, 34.129344700006186, 33.956580199999735, 33.853036300002714, 32.65487140000914, 32.616276100001414, 33.70215700000699, 33.17366500000935]}}