{"n_runs": 10, "model_class": "BasicESNCudaDeepReadout", "modelType": "basicESN", "dataset": "har70plus", "variant": "Deep Readout", "memory_cpu": {"average": 13187.0, "std": 210.08188879577412, "results": [13523, 13099, 13099, 13099, 13099, 13675, 13035, 13099, 13043, 13099]}, "memory_gpu": {"average": 2287243264.0, "std": 0.0, "results": [2287243264, 2287243264, 2287243264, 2287243264, 2287243264, 2287243264, 2287243264, 2287243264, 2287243264, 2287243264]}, "time": {"average": 163.66420873999996, "std": 1.4443322409371424, "results": [164.16847079999934, 163.15647380000155, 163.07591949999915, 162.519859, 162.47405040000012, 163.4755026999992, 163.30048119999992, 163.2171942999994, 167.7722278000001, 163.4819079000008]}}