{"n_runs": 10, "model_class": "ThreeHierarchyESNCudaVariableReadout", "modelType": "threeHierarchyESN", "dataset": "har70plus", "variant": "Variable Readout Linear-Activation-Softmax", "memory_cpu": {"average": 5617.9, "std": 205.81324058475928, "results": [5623, 5479, 5642, 5585, 5587, 5477, 5805, 5368, 6133, 5480]}, "memory_gpu": {"average": 2299864064.0, "std": 0.0, "results": [2299864064, 2299864064, 2299864064, 2299864064, 2299864064, 2299864064, 2299864064, 2299864064, 2299864064, 2299864064]}, "time": {"average": 272.0571527400025, "std": 3.851932182198772, "results": [273.5282941000187, 274.38878139998997, 269.96931909999694, 267.7505394000036, 269.1461630999984, 272.98036119999597, 267.56330890001846, 279.86102860001847, 276.3415296000021, 269.04220199998235]}}