{"n_runs": 10, "model_class": "HierarchyESNCudaVariableReadout", "modelType": "hierarchyESN", "dataset": "har70plus", "variant": "Variable Readout Linear-Activation-Dropout-Linear-Softmax", "memory_cpu": {"average": 14895.4, "std": 870.9589198119508, "results": [14374, 14204, 14263, 15915, 14145, 14738, 14145, 16918, 15281, 14971]}, "memory_gpu": {"average": 2447409664.0, "std": 0.0, "results": [2447409664, 2447409664, 2447409664, 2447409664, 2447409664, 2447409664, 2447409664, 2447409664, 2447409664, 2447409664]}, "time": {"average": 352.65882705000257, "std": 4.775250401218553, "results": [355.6157940000121, 357.84639510000125, 357.90425810001034, 351.0975024000072, 344.28436520000105, 344.71210439999413, 351.264293500004, 353.41712749999715, 352.62808139999106, 357.81834890000755]}}