{"n_runs": 10, "model_class": "BasicESNCuda", "modelType": "basicESN", "dataset": "har70plus", "variant": "Best Augmentation", "memory_cpu": {"average": 2250201246.2, "std": 241.38798644505903, "results": [2250201491, 2250201667, 2250201091, 2250201091, 2250201091, 2250201091, 2250201091, 2250201667, 2250201091, 2250201091]}, "memory_gpu": {"average": 1161633792.0, "std": 0.0, "results": [1161633792, 1161633792, 1161633792, 1161633792, 1161633792, 1161633792, 1161633792, 1161633792, 1161633792, 1161633792]}, "time": {"average": 167.54496082000006, "std": 3.0950673296728937, "results": [163.12674289999995, 167.51687590000074, 164.18245599999864, 163.34979979999844, 168.200478499999, 167.93846960000155, 168.33254610000222, 169.93988470000113, 169.1705022999995, 173.69185239999933]}}