{"n_runs": 10, "model_class": "ThreeHierarchyESNCudaVariableReadout", "modelType": "threeHierarchyESN", "dataset": "har70plus", "variant": "Variable Readout Linear-Softmax", "memory_cpu": {"average": 5603.8, "std": 312.05217512460956, "results": [5586, 5314, 5642, 5477, 6302, 5424, 6083, 5368, 5426, 5416]}, "memory_gpu": {"average": 2299864064.0, "std": 0.0, "results": [2299864064, 2299864064, 2299864064, 2299864064, 2299864064, 2299864064, 2299864064, 2299864064, 2299864064, 2299864064]}, "time": {"average": 270.66699184000026, "std": 4.330989732265244, "results": [277.59959990001516, 277.8763454, 272.56444889999693, 269.2171121999854, 267.275081699976, 273.7566417000198, 269.42988270000205, 267.5997832000139, 265.7688912000158, 265.58213149997755]}}