{"n_runs": 10, "model_class": "ThreeHierarchyESNCudaVariableReadout", "modelType": "threeHierarchyESN", "dataset": "har70plus", "variant": "Variable Readout Linear-Activation-Linear-Softmax", "memory_cpu": {"average": 5697.2, "std": 337.4376386830609, "results": [5805, 5641, 5751, 5860, 5642, 6577, 5312, 5424, 5480, 5480]}, "memory_gpu": {"average": 2300364288.0, "std": 0.0, "results": [2300364288, 2300364288, 2300364288, 2300364288, 2300364288, 2300364288, 2300364288, 2300364288, 2300364288, 2300364288]}, "time": {"average": 273.7136178400018, "std": 3.731419774533844, "results": [272.02483109998866, 276.86894329998177, 281.6563405000197, 275.72607340000104, 273.44197320000967, 266.44134580000537, 273.80011280000326, 272.05822390000685, 273.2362864000024, 271.8820479999995]}}