{"n_runs": 10, "model_class": "ThreeHierarchyESNCuda", "modelType": "threeHierarchyESN", "dataset": "har70plus", "variant": "Fourier Smoothing Buffered", "memory_cpu": {"average": 144048723.0, "std": 158.10502838303404, "results": [144048630, 144048739, 144048903, 144048576, 144048520, 144048523, 144048903, 144048903, 144048903, 144048630]}, "memory_gpu": {"average": 250487296.0, "std": 0.0, "results": [250487296, 250487296, 250487296, 250487296, 250487296, 250487296, 250487296, 250487296, 250487296, 250487296]}, "time": {"average": 21.86519149999367, "std": 0.43638244983470226, "results": [21.64181189998635, 21.760119599988684, 21.686197599978186, 21.64451429998735, 21.71662409999408, 21.832296800013864, 21.906266699981643, 21.61779899999965, 21.697209500009194, 23.149075499997707]}}