{"n_runs": 10, "model_class": "HierarchyESNCuda", "modelType": "hierarchyESN", "dataset": "har70plus", "variant": "Optimised Hyperparameters", "memory_cpu": {"average": 2250203377.8, "std": 1377.4738327823147, "results": [2250202614, 2250204158, 2250202270, 2250206341, 2250202297, 2250202565, 2250202315, 2250202447, 2250203406, 2250205365]}, "memory_gpu": {"average": 1161478144.0, "std": 0.0, "results": [1161478144, 1161478144, 1161478144, 1161478144, 1161478144, 1161478144, 1161478144, 1161478144, 1161478144, 1161478144]}, "time": {"average": 360.05875180000146, "std": 6.458816228579907, "results": [353.40190630000143, 373.220004399991, 361.76291650001076, 357.1407584000117, 356.3598246000038, 350.8296951999946, 354.56117780000204, 365.4766498999961, 363.93834200000856, 363.89624289999483]}}