{"n_runs": 10, "model_class": "HierarchyESNCuda", "modelType": "hierarchyESN", "dataset": "har70plus", "variant": "Exponential Moving Average", "memory_cpu": {"average": 2250203064.8, "std": 817.8526517655854, "results": [2250202142, 2250204571, 2250202946, 2250204217, 2250202034, 2250202270, 2250203689, 2250202742, 2250202887, 2250203150]}, "memory_gpu": {"average": 1147991040.0, "std": 0.0, "results": [1147991040, 1147991040, 1147991040, 1147991040, 1147991040, 1147991040, 1147991040, 1147991040, 1147991040, 1147991040]}, "time": {"average": 339.47160984999937, "std": 6.446434662493077, "results": [336.01381499999843, 335.61796519999916, 336.87138359999517, 339.51342390000354, 354.6953997000019, 348.81943630000023, 337.18931229999725, 337.35253029999876, 334.54651939999894, 334.0963128000003]}}