{"n_runs": 10, "model_class": "ThreeHierarchyESNCudaVariableReadout", "modelType": "threeHierarchyESN", "dataset": "har70plus", "variant": "Variable Readout Linear-Activation-Dropout-Linear-Softmax", "memory_cpu": {"average": 5685.4, "std": 300.55455411622034, "results": [5368, 5258, 6242, 5751, 5751, 5915, 5312, 5533, 5753, 5971]}, "memory_gpu": {"average": 2447183360.0, "std": 0.0, "results": [2447183360, 2447183360, 2447183360, 2447183360, 2447183360, 2447183360, 2447183360, 2447183360, 2447183360, 2447183360]}, "time": {"average": 318.1196172199998, "std": 142.68846374887252, "results": [745.8754591000034, 265.45249749999493, 264.2003150000237, 264.76708849999704, 272.82970749997185, 277.9530720000039, 273.37059330000193, 280.4668832999887, 271.03061940000043, 265.249936600012]}}