{"n_runs": 10, "model_class": "BasicESNCuda", "modelType": "basicESN", "dataset": "har70plus", "variant": "Spectrogram", "memory_cpu": {"average": 70332933.0, "std": 426.46828721488777, "results": [70333141, 70332685, 70332685, 70332685, 70334117, 70332685, 70332981, 70332685, 70332981, 70332685]}, "memory_gpu": {"average": 52561408.0, "std": 0.0, "results": [52561408, 52561408, 52561408, 52561408, 52561408, 52561408, 52561408, 52561408, 52561408, 52561408]}, "time": {"average": 4.866806409999481, "std": 0.06726828061132138, "results": [4.938458199998422, 4.819533900001261, 4.941827999999077, 4.895186599998851, 4.834627100000944, 4.978368399999454, 4.807342799998878, 4.758128799996484, 4.81681430000026, 4.877776000001177]}}