{"n_runs": 10, "model_class": "HierarchyESNCuda", "modelType": "hierarchyESN", "dataset": "har70plus", "variant": "Buffered", "memory_cpu": {"average": 225034096.7, "std": 153.91494404378025, "results": [225034369, 225033846, 225034141, 225034023, 225034200, 225033969, 225034031, 225034326, 225034031, 225034031]}, "memory_gpu": {"average": 136250880.0, "std": 0.0, "results": [136250880, 136250880, 136250880, 136250880, 136250880, 136250880, 136250880, 136250880, 136250880, 136250880]}, "time": {"average": 32.94550116000173, "std": 0.1847179122449503, "results": [33.3273214000219, 32.7720338999934, 33.11389119998785, 32.79673319999711, 32.79401060001692, 32.833135299995774, 32.95264709999901, 33.14471150000463, 32.748459800001, 32.97206759999972]}}