{"n_runs": 10, "model_class": "BasicESNCuda", "modelType": "basicESN", "dataset": "har70plus", "variant": "Fourier Smoothing optimal", "memory_cpu": {"average": 2250201227.7, "std": 254.61423762232934, "results": [2250201491, 2250201667, 2250201091, 2250201018, 2250201035, 2250201035, 2250201091, 2250201667, 2250201091, 2250201091]}, "memory_gpu": {"average": 1161633792.0, "std": 0.0, "results": [1161633792, 1161633792, 1161633792, 1161633792, 1161633792, 1161633792, 1161633792, 1161633792, 1161633792, 1161633792]}, "time": {"average": 157.4853239399963, "std": 1.7367573287041118, "results": [159.05058340000687, 159.58360279997578, 161.1931840000325, 157.46244500001194, 156.59199759998592, 156.52419460000237, 155.9476607000106, 156.57761959999334, 155.91467249998823, 156.00727919995552]}}