{"n_runs": 10, "model_class": "BasicESNCuda", "modelType": "basicESN", "dataset": "har70plus", "variant": "Buffered optimal", "memory_cpu": {"average": 225033203.4, "std": 358.6427749167687, "results": [225033429, 225033085, 225033085, 225033021, 225034221, 225033021, 225033085, 225033029, 225033029, 225033029]}, "memory_gpu": {"average": 136400384.0, "std": 0.0, "results": [136400384, 136400384, 136400384, 136400384, 136400384, 136400384, 136400384, 136400384, 136400384, 136400384]}, "time": {"average": 15.32390969999833, "std": 0.4203589811243292, "results": [16.201412900001742, 15.331742899958044, 15.520646699995268, 15.110615100013092, 15.20011799997883, 15.318562100001145, 15.58364739996614, 15.455824300006498, 15.052045000018552, 14.464482600043993]}}