{"n_runs": 10, "model_class": "HierarchyESNCuda", "modelType": "hierarchyESN", "dataset": "har70plus", "variant": "Fourier Smoothing", "memory_cpu": {"average": 2250203575.8, "std": 1378.0917821393468, "results": [2250202670, 2250206931, 2250203686, 2250202807, 2250202506, 2250202388, 2250203332, 2250202624, 2250205246, 2250203568]}, "memory_gpu": {"average": 1161478144.0, "std": 0.0, "results": [1161478144, 1161478144, 1161478144, 1161478144, 1161478144, 1161478144, 1161478144, 1161478144, 1161478144, 1161478144]}, "time": {"average": 358.2557984300016, "std": 3.720130012517412, "results": [354.6342588999978, 352.44258240000636, 352.372260300006, 357.06180770001083, 360.2257075999951, 361.1014116000006, 363.1214919000049, 358.8812770999939, 361.09018800000194, 361.62699879999855]}}