{"n_runs": 10, "model_class": "HierarchyESNCudaVariableReadout", "modelType": "hierarchyESN", "dataset": "har70plus", "variant": "Variable Readout Linear-Activation-Linear-Softmax", "memory_cpu": {"average": 23738.8, "std": 25629.1301249184, "results": [100564, 16517, 15380, 15659, 14994, 14007, 17188, 15214, 13852, 14013]}, "memory_gpu": {"average": 2273581568.0, "std": 0.0, "results": [2273581568, 2273581568, 2273581568, 2273581568, 2273581568, 2273581568, 2273581568, 2273581568, 2273581568, 2273581568]}, "time": {"average": 355.4135585400043, "std": 3.196149964559721, "results": [361.26199620001717, 353.5834755000251, 357.9871875999961, 360.2246647000138, 354.5712640999991, 354.3504274000006, 353.59851720000734, 355.2771344000066, 350.86432849999983, 352.4165897999774]}}