{"n_runs": 10, "model_class": "HierarchyESNCudaVariableReadout", "modelType": "hierarchyESN", "dataset": "har70plus", "variant": "Variable Readout Linear-Softmax", "memory_cpu": {"average": 14470.1, "std": 482.2873521045311, "results": [13950, 13839, 14255, 15627, 14371, 14515, 14612, 14907, 14311, 14314]}, "memory_gpu": {"average": 1168039936.0, "std": 0.0, "results": [1168039936, 1168039936, 1168039936, 1168039936, 1168039936, 1168039936, 1168039936, 1168039936, 1168039936, 1168039936]}, "time": {"average": 355.42695132999796, "std": 1.0684572273894972, "results": [354.30142590001924, 355.26335219998145, 355.8360914000077, 353.80420559999766, 354.81230969997705, 355.6408620000002, 355.13405610001064, 356.33414829999674, 357.86946699998225, 355.2735951000068]}}