{"n_runs": 10, "model_class": "BasicESNCuda", "modelType": "basicESN", "dataset": "har70plus", "variant": "Baseline", "memory_cpu": {"average": 2250209558.2, "std": 24541.39313405007, "results": [2250283179, 2250201371, 2250201347, 2250201899, 2250201299, 2250201195, 2250201235, 2250201203, 2250201123, 2250201731]}, "memory_gpu": {"average": 1161633792.0, "std": 0.0, "results": [1161633792, 1161633792, 1161633792, 1161633792, 1161633792, 1161633792, 1161633792, 1161633792, 1161633792, 1161633792]}, "time": {"average": 167.63363628999997, "std": 9.809900371648057, "results": [158.33913799999937, 159.39220419999947, 159.57352560000072, 166.88391190000038, 167.50154229999862, 165.75371219999943, 168.91222190000008, 167.2003267, 167.99843860000146, 194.78134150000005]}}