{"n_runs": 10, "model_class": "BasicESNCuda", "modelType": "basicESN", "dataset": "har70plus", "variant": "Buffered Fourier Smoothing optimal", "memory_cpu": {"average": 225033216.2, "std": 334.4956800916867, "results": [225033429, 225033085, 225033029, 225033085, 225033085, 225033029, 225033085, 225033085, 225033085, 225034165]}, "memory_gpu": {"average": 136400384.0, "std": 0.0, "results": [136400384, 136400384, 136400384, 136400384, 136400384, 136400384, 136400384, 136400384, 136400384, 136400384]}, "time": {"average": 14.708826880005654, "std": 0.18093202533191116, "results": [14.740937100024894, 14.925967399962246, 14.504964699968696, 14.852884699997958, 14.67645500000799, 14.610613199998625, 14.550755400035996, 14.493460700032301, 15.072668100008741, 14.659562500019092]}}