{"n_runs": 10, "model_class": "HierarchyESNCuda", "modelType": "hierarchyESN", "dataset": "har70plus", "variant": "Baseline", "memory_cpu": {"average": 2250203490.4, "std": 1081.3097798503445, "results": [2250202759, 2250202023, 2250203335, 2250203760, 2250201720, 2250204984, 2250204512, 2250205029, 2250203627, 2250203155]}, "memory_gpu": {"average": 1161388032.0, "std": 0.0, "results": [1161388032, 1161388032, 1161388032, 1161388032, 1161388032, 1161388032, 1161388032, 1161388032, 1161388032, 1161388032]}, "time": {"average": 388.29786837000063, "std": 17.13010341970553, "results": [398.6869136000023, 400.9989668999988, 398.2423559999952, 395.0023862999951, 398.49533040000097, 378.5079923000012, 396.50237500000367, 397.91808320000564, 374.8246125000005, 343.7996675000031]}}