{"n_runs": 10, "model_class": "BasicESNCudaVariableReadout", "modelType": "basicESN", "dataset": "har70plus", "variant": "Variable Readout Linear-Softmax", "memory_cpu": {"average": 13082.8, "std": 324.7943349259651, "results": [13243, 12955, 12955, 12955, 12882, 12955, 12955, 12955, 14018, 12955]}, "memory_gpu": {"average": 2286743040.0, "std": 0.0, "results": [2286743040, 2286743040, 2286743040, 2286743040, 2286743040, 2286743040, 2286743040, 2286743040, 2286743040, 2286743040]}, "time": {"average": 176.75634933999973, "std": 9.379915504218102, "results": [164.97018299999763, 164.96637209999608, 165.46550399999978, 166.68988149999495, 179.37568889999966, 187.20876670000143, 186.25186960000428, 184.3325435000006, 184.3004718000011, 184.0022123000017]}}