{"n_runs": 10, "model_class": "ThreeHierarchyESNCuda", "modelType": "threeHierarchyESN", "dataset": "har70plus", "variant": "Exponential Moving Average", "memory_cpu": {"average": 1156632324.9, "std": 134.798701774164, "results": [1156632461, 1156632244, 1156632132, 1156632188, 1156632353, 1156632244, 1156632518, 1156632462, 1156632460, 1156632187]}, "memory_gpu": {"average": 2299849216.0, "std": 0.0, "results": [2299849216, 2299849216, 2299849216, 2299849216, 2299849216, 2299849216, 2299849216, 2299849216, 2299849216, 2299849216]}, "time": {"average": 218.702012500001, "std": 5.557411265075092, "results": [218.7006751000008, 235.24108680000063, 217.0118083000125, 216.32582040000125, 216.85660590001498, 216.7538208999904, 216.51892329999828, 216.1392164999852, 216.21665550000034, 217.25551230000565]}}